id_edificio,tipo_edificio,numero_ocupantes,electrodomesticos,temperatura_media,dia_semana,consumo_energia,metros_cuadrados
0,Residencial,76,10,29.84,habil,3264.2352289225805,-800.5810291420312
1,Comercial,66,45,16.72,fin_de_semana,6486.624734805464,4076.513978752818
2,Industrial,37,17,14.3,habil,4276.656672459831,2706.630059768273
3,Residencial,14,41,32.82,habil,3209.3882913880952,805.1126316957763
4,Comercial,26,18,11.92,habil,3266.8712609079644,1175.46703824612
5,Comercial,26,32,16.24,habil,4345.208179131969,5049.629838357812
6,Industrial,92,14,21.01,habil,5248.40586113906,2159.7998120772213
7,Residencial,60,18,28.24,fin_de_semana,3837.9935540261768,3272.330350759063
8,Industrial,99,44,13.08,fin_de_semana,5752.556278691251,2953.623232835924
9,Residencial,42,36,28.84,fin_de_semana,4251.695027997625,1698.6230157089494
10,Comercial,71,14,11.3,fin_de_semana,4421.674646963044,3204.629715254686
11,Comercial,4,44,25.38,fin_de_semana,5241.551622536441,3161.224353849788
12,Residencial,97,34,17.35,fin_de_semana,3939.902369050968,1318.4573325638232
13,Residencial,11,8,17.8,fin_de_semana,3018.514111820281,2257.4687374614573
14,Residencial,97,19,22.45,fin_de_semana,5139.600804341063,4521.342946852283
15,Comercial,54,47,13.56,fin_de_semana,3732.892463311391,-328.9247025144326
16,Comercial,34,44,24.62,habil,3084.119209456984,-1032.146618973958
17,Industrial,97,20,23.99,fin_de_semana,5645.373188689272,1585.9535349438916
18,Industrial,32,23,27.87,habil,3269.9946541254144,189.31276595903952
19,Residencial,19,48,22.67,habil,2624.408676615056,-792.0173839788314
20,Comercial,24,43,10.38,fin_de_semana,4743.410005313596,1609.426778569307
21,Industrial,83,40,32.92,fin_de_semana,4473.448315129838,1510.1281788149086
22,Industrial,32,22,17.87,habil,4273.332607960128,2925.08390831223
23,Comercial,55,16,26.95,fin_de_semana,4388.919738870714,3599.762814999162
24,Residencial,39,27,18.67,habil,4020.923100632117,4085.349150694096
25,Industrial,22,7,31.95,habil,4874.344262447822,3630.790585430447
26,Residencial,8,5,23.67,fin_de_semana,3814.688921506905,2249.929402823166
27,Industrial,63,12,29.54,fin_de_semana,5390.764495520406,5460.365994544686
28,Residencial,35,14,15.39,habil,3450.095577684369,2526.771335787401
29,Residencial,12,30,32.89,fin_de_semana,2656.614575480612,1292.5740485026972
30,Comercial,75,41,12.97,habil,4707.529174400159,712.7814859525151
31,Residencial,22,36,15.41,habil,4229.268118157038,4619.068811716129
32,Comercial,24,34,24.93,habil,3931.0819092584497,1373.0001767394788
33,Industrial,2,13,11.36,fin_de_semana,3538.7665596925945,3120.1685421052803
34,Residencial,5,26,20.96,habil,2174.650993346258,649.2599703635724
35,Residencial,33,11,14.17,fin_de_semana,4135.075657597091,4639.173273898859
36,Residencial,25,26,21.34,fin_de_semana,2012.7665221659745,928.6410315391328
37,Industrial,77,20,22.84,habil,5238.42916466515,2151.768581599318
38,Residencial,31,13,15.09,fin_de_semana,1977.064115245088,-354.4209295063308
39,Residencial,64,43,24.21,fin_de_semana,4483.022825863213,3227.1634633284225
40,Industrial,89,31,32.76,habil,4255.622624939187,774.6227820686772
41,Comercial,58,35,10.34,habil,3835.431467512958,1382.938467936986
42,Residencial,85,21,29.36,fin_de_semana,3894.105721042859,1643.5743274311724
43,Residencial,20,30,31.23,fin_de_semana,3566.2540530235,4332.187224043392
44,Industrial,85,45,12.92,fin_de_semana,6085.887695433673,3423.999978675564
45,Industrial,73,26,14.95,habil,4068.547549486232,1556.2272782434266
46,Industrial,99,18,33.43,fin_de_semana,5149.604155421171,3365.3565575564744
47,Residencial,35,16,21.39,fin_de_semana,2591.3532839419727,2580.884078873825
48,Industrial,26,48,28.64,fin_de_semana,6756.897913272274,2989.997296384224
49,Residencial,63,13,18.75,fin_de_semana,3447.218102968356,3215.0411173064267
50,Residencial,85,45,11.64,fin_de_semana,3763.603161264229,9.360203930133013
51,Comercial,2,24,18.69,fin_de_semana,2459.6782351256734,1319.8406420862118
52,Industrial,3,13,13.09,fin_de_semana,3930.103996712017,3587.1460029551067
53,Residencial,78,10,28.31,fin_de_semana,1906.7156019917347,930.0090021336728
54,Residencial,21,17,31.54,fin_de_semana,2692.492029965233,193.56261768418716
55,Industrial,15,22,26.78,habil,5397.419513816335,4567.907101215346
56,Industrial,17,35,34.03,habil,4503.839082863532,2641.993458929883
57,Industrial,69,43,15.98,fin_de_semana,5769.374418099937,3945.949757279645
58,Industrial,24,14,23.97,fin_de_semana,4671.891540320049,1925.404856165776
59,Industrial,89,10,22.15,habil,5275.938299104568,2633.891590246496
60,Industrial,27,44,10.08,fin_de_semana,4041.220979164417,1394.633670670961
61,Comercial,89,32,31.24,fin_de_semana,3535.0296870978696,1223.3524915171383
62,Industrial,78,22,15.51,habil,6096.453399723555,4426.977322544411
63,Comercial,33,20,25.24,fin_de_semana,2752.70304151664,-44.486957516809504
64,Residencial,84,41,25.93,habil,4169.400861769403,862.2389076011714
65,Comercial,10,22,15.14,fin_de_semana,4295.2398933171,5017.819728020097
66,Comercial,25,47,25.8,fin_de_semana,3818.4134391672897,889.2336248489858
67,Residencial,57,47,17.34,habil,4507.368261483859,2305.8269808312148
68,Residencial,97,15,29.66,habil,3492.3686209700254,2672.9884052993125
69,Industrial,44,19,11.91,fin_de_semana,4010.654821372776,2835.989797821347
70,Industrial,75,35,26.86,habil,7097.948429862843,4967.031509898996
71,Industrial,6,33,17.4,habil,4744.482669241793,3999.570753336444
72,Residencial,2,22,20.11,habil,2713.587195646804,862.6052856940029
73,Industrial,68,35,29.35,fin_de_semana,4114.982204360161,1435.992503341687
74,Comercial,73,7,20.74,habil,2565.501432001592,73.64193901920258
75,Industrial,48,40,21.62,habil,4924.328148545102,2872.566440517204
76,Comercial,23,47,10.9,habil,3821.7169399001687,2663.776749755093
77,Comercial,4,18,24.42,fin_de_semana,4628.821586878883,4024.8779619628494
78,Industrial,34,11,11.92,habil,5156.66714663472,2893.2981071125205
79,Industrial,40,16,11.52,fin_de_semana,5415.843013390693,4668.656288197095
80,Comercial,68,13,25.69,habil,4050.671943021642,-504.6546150361001
81,Industrial,48,40,27.71,habil,4559.767053748136,3544.714257793574
82,Comercial,43,25,14.5,fin_de_semana,5466.266528393558,3463.5027645217656
83,Residencial,77,3,32.58,habil,4323.824051636694,4248.832109616692
84,Comercial,44,19,22.34,fin_de_semana,2968.147763210954,1803.5159014849332
85,Residencial,59,33,32.21,fin_de_semana,4020.445884816853,2228.881567514702
86,Industrial,4,4,22.06,fin_de_semana,4438.531985743441,3796.7870989854455
87,Residencial,22,45,24.88,fin_de_semana,2604.412457289552,-911.4834970421668
88,Residencial,21,24,15.0,habil,2284.6833171534604,562.1026074236179
89,Comercial,22,32,25.42,fin_de_semana,3497.3271317681456,-27.06227228806793
90,Residencial,68,3,16.82,habil,2691.114379874465,2409.530644374201
91,Comercial,24,24,17.95,habil,4204.819103246569,349.9669299866843
92,Industrial,86,32,15.79,habil,4764.760216790532,751.7680166355294
93,Residencial,55,2,10.62,fin_de_semana,3550.4048098204285,3502.15000701951
94,Comercial,30,39,22.49,habil,4756.100037139004,4794.069294397304
95,Comercial,68,3,33.63,fin_de_semana,3483.6157061197814,-162.85942497670268
96,Residencial,28,30,17.72,fin_de_semana,2669.2291668172065,676.9363305678816
97,Comercial,6,35,15.55,habil,3729.9840539514857,477.579305079179
98,Industrial,15,11,11.29,habil,4160.347181087007,758.2297960128317
99,Comercial,70,35,13.05,habil,5505.436928404844,3946.097697347813
100,Comercial,88,26,17.36,habil,4411.486542763956,991.3743628432744
101,Comercial,46,41,13.13,habil,3254.561985997079,402.5137879013609
102,Comercial,21,17,29.93,habil,2459.686467016297,527.4506288824695
103,Residencial,83,13,23.67,habil,2346.857208342589,91.50516706795597
104,Industrial,3,12,28.85,fin_de_semana,3098.0649883383685,-362.7502748856463
105,Industrial,39,41,15.77,habil,3217.908174879765,511.8604551655365
106,Comercial,84,29,17.2,habil,3809.751385437273,-491.4466937382119
107,Residencial,75,24,33.11,habil,4315.030828357702,3701.372407200527
108,Comercial,77,34,33.56,fin_de_semana,4836.593128645869,2264.20598490923
109,Residencial,32,15,26.19,fin_de_semana,2185.0202792390305,-187.33831722750577
110,Residencial,64,42,23.14,habil,3445.856538978148,2563.66894688938
111,Residencial,10,17,24.49,fin_de_semana,2377.9417718692325,1054.6637032642338
112,Residencial,41,1,26.97,fin_de_semana,4545.197559465252,3674.975829323084
113,Residencial,66,1,29.74,fin_de_semana,3285.961345881185,1629.4024000301026
114,Residencial,86,31,18.88,habil,4990.2368506076045,4709.332283269219
115,Comercial,30,32,20.36,habil,4648.464024994971,3283.940800906625
116,Industrial,82,20,23.44,habil,6163.835531034493,5947.480979397827
117,Industrial,60,30,13.61,fin_de_semana,4710.739669236391,771.6954744724351
118,Comercial,3,37,27.75,habil,3627.592728463613,1205.041830576237
119,Residencial,82,41,16.32,fin_de_semana,4998.074448726472,2893.402507037844
120,Industrial,83,31,26.67,fin_de_semana,6013.871349673789,4178.713567802309
121,Residencial,73,35,19.29,habil,2627.464493313957,1422.6246379853126
122,Comercial,2,49,30.66,habil,3650.892795092437,2516.0396289137207
123,Industrial,75,21,28.17,fin_de_semana,5330.329306474658,3497.2261928495736
124,Industrial,19,36,22.89,fin_de_semana,4033.147203364668,766.8719444520963
125,Residencial,73,2,14.29,habil,4472.4907817869125,3245.235233775553
126,Comercial,46,10,18.4,fin_de_semana,3665.138025520739,2095.415888528663
127,Residencial,15,4,12.87,habil,2161.0339562479694,855.2421717470892
128,Comercial,35,4,24.93,habil,2769.545731959806,2046.5755822704407
129,Comercial,40,4,14.57,habil,3066.902894032577,860.3586405518067
130,Comercial,5,36,33.46,habil,2382.5690165734864,920.6095329195682
131,Comercial,50,40,25.81,habil,3673.755365433092,2497.4657200359884
132,Comercial,60,48,31.53,fin_de_semana,3806.1196957306415,1072.9036004457246
133,Comercial,15,39,28.75,fin_de_semana,2466.656979406227,595.9535421368688
134,Comercial,15,49,10.43,habil,5155.624472797127,4625.724733505977
135,Residencial,93,3,32.87,fin_de_semana,3695.8136610662114,2546.4962795787665
136,Residencial,12,12,18.68,habil,3564.1517972974,4258.076779382866
137,Residencial,70,22,23.91,fin_de_semana,4866.966244957207,4640.587824164616
138,Comercial,82,46,13.2,fin_de_semana,4073.859851418236,1405.1761710376236
139,Comercial,16,41,31.63,fin_de_semana,4054.785233013676,3031.851801986141
140,Residencial,66,4,14.36,fin_de_semana,2208.9231171048577,2628.6884286517507
141,Residencial,12,13,29.68,habil,2492.555284789209,2808.472888925375
142,Industrial,5,34,29.59,fin_de_semana,3920.106812206912,681.9676241932634
143,Industrial,86,10,15.01,fin_de_semana,4608.441437828223,3644.249756500367
144,Comercial,68,4,33.33,habil,5047.229241623347,4279.018035060238
145,Residencial,58,24,27.49,fin_de_semana,3545.4221138344747,1724.936741311602
146,Industrial,54,47,32.58,fin_de_semana,4690.173823195772,1452.0632468952494
147,Residencial,65,27,22.5,fin_de_semana,3550.8815770142664,1889.5359488954275
148,Industrial,21,25,32.25,fin_de_semana,4163.92856841342,1132.5859989706548
149,Residencial,21,8,17.75,habil,1900.916425664821,1470.3493179454497
150,Industrial,2,39,23.03,fin_de_semana,4954.503753755661,4292.763950830902
151,Industrial,72,40,10.71,habil,5597.150378142462,1953.0462375702705
152,Comercial,16,44,32.34,habil,4701.632221788395,3872.8686940679054
153,Comercial,42,27,15.63,habil,3158.904742932946,-235.0051126853832
154,Residencial,95,1,31.98,fin_de_semana,4783.8858613073735,4515.830193760455
155,Comercial,95,8,29.74,fin_de_semana,4087.9137567498046,2000.8733505546688
156,Industrial,12,14,13.25,habil,4910.680547221533,2068.762845413503
157,Industrial,69,7,32.54,habil,4076.181878666279,3168.727106077153
158,Residencial,13,45,12.11,fin_de_semana,4040.853139364252,414.5687161923877
159,Residencial,68,29,14.07,habil,2634.8522047073657,69.60700474253606
160,Residencial,81,37,23.68,fin_de_semana,3159.7738706203995,-373.7692718014399
161,Industrial,85,21,28.01,fin_de_semana,3120.1625349271017,-237.00946300069197
162,Comercial,47,4,13.55,habil,2510.622586040251,1511.5437349865126
163,Industrial,52,4,32.3,habil,4227.540389855441,4474.436316933351
164,Industrial,98,24,10.55,fin_de_semana,5416.5072622548405,4696.723769985927
165,Comercial,23,43,28.56,habil,4688.286234939487,3052.318266135927
166,Industrial,73,23,34.62,habil,5180.067953535278,5087.334418309632
167,Industrial,92,35,25.8,fin_de_semana,4897.633022485913,3021.0979431144883
168,Comercial,78,17,34.79,fin_de_semana,3873.825458357541,1663.3517981606656
169,Industrial,21,28,28.96,fin_de_semana,4972.909307595326,2619.1966001136298
170,Residencial,13,18,21.04,habil,2330.4997180301834,566.8386700746515
171,Residencial,10,10,21.71,habil,3997.03064522144,2740.089750882621
172,Industrial,89,8,27.28,fin_de_semana,4324.829263597509,3406.3630187226386
173,Industrial,4,13,27.18,fin_de_semana,5294.573460684876,2401.2771755682616
174,Comercial,93,48,31.37,fin_de_semana,5144.813804906745,3134.1353586666046
175,Residencial,43,44,19.34,habil,4152.731709834601,1049.7803065634444
176,Industrial,36,28,19.36,fin_de_semana,3502.2287614706925,1734.9499165466932
177,Comercial,79,30,34.31,fin_de_semana,5844.329269755107,3121.919727754902
178,Comercial,99,41,19.66,habil,4682.143508438544,1187.1671427533322
179,Residencial,8,48,12.44,fin_de_semana,4688.501926646283,3868.742761084015
180,Comercial,3,28,31.36,habil,2897.445890508391,734.73641613052
181,Residencial,91,34,17.79,habil,4053.7789446759753,1285.342112270305
182,Comercial,21,10,33.58,fin_de_semana,3090.137186285924,94.60612671445249
183,Industrial,16,41,27.82,fin_de_semana,4727.78951219438,246.83645721069848
184,Industrial,30,39,33.84,fin_de_semana,5936.979502204397,4864.69684687371
185,Industrial,55,26,28.11,fin_de_semana,4125.335345995949,2217.159357447416
186,Industrial,25,31,15.3,habil,3976.680906864508,1298.3230073143925
187,Comercial,25,21,26.8,habil,3716.8325052376126,3095.969354418023
188,Comercial,8,1,19.76,habil,3626.7685545182,2208.139846854874
189,Comercial,83,17,17.14,fin_de_semana,4517.638578781087,2128.4112403246418
190,Industrial,31,47,17.91,fin_de_semana,4559.922589029161,2357.605551534509
191,Industrial,70,34,10.13,habil,5778.800621313356,2024.174282240258
192,Residencial,51,27,11.96,fin_de_semana,2813.3984523670447,289.47629790883616
193,Industrial,52,26,10.39,fin_de_semana,4360.167670920642,3977.688753028192
194,Industrial,64,15,11.73,habil,5240.509894878308,3880.981768263268
195,Residencial,95,49,16.69,habil,4901.204178754706,3097.0282757539658
196,Comercial,10,30,10.68,habil,4498.966616786179,4168.693493727281
197,Comercial,8,10,20.28,habil,2586.3829279852007,1673.431686226202
198,Industrial,73,28,14.86,fin_de_semana,6116.7241827896505,2570.593283652762
199,Industrial,58,6,19.1,habil,4011.575089865916,1770.4584580454984
200,Residencial,65,33,24.63,fin_de_semana,4962.395069443911,5275.538657439611
201,Industrial,90,44,33.51,fin_de_semana,5142.7438094423,2717.0112117227186
202,Industrial,88,44,19.54,fin_de_semana,4306.788135807749,1256.1524323660904
203,Industrial,44,23,30.84,fin_de_semana,5992.896747409392,2835.391696865204
204,Industrial,57,19,20.07,habil,4695.827252940875,1383.9731950920082
205,Residencial,41,31,24.01,fin_de_semana,3886.8909871212777,3926.422111223153
206,Comercial,1,21,17.83,fin_de_semana,2361.517571477288,1867.033684396311
207,Residencial,83,21,21.77,fin_de_semana,3605.874165324436,2763.6894797019986
208,Comercial,88,41,22.27,fin_de_semana,3762.792598619866,1559.6750420334797
209,Industrial,89,14,28.98,fin_de_semana,3742.87254913138,1051.067506688982
210,Residencial,33,14,23.74,habil,1890.049546482536,1229.3388343963388
211,Comercial,93,49,16.33,fin_de_semana,3626.9006443646026,810.5457811985556
212,Industrial,15,34,16.79,habil,4281.161445520193,1579.7463995639632
213,Comercial,51,7,13.32,habil,2845.142789722433,868.4087389229911
214,Industrial,60,27,34.51,fin_de_semana,3953.0798342857,3029.016550236096
215,Industrial,35,19,18.63,fin_de_semana,4607.555038005226,2411.050643175437
216,Industrial,82,22,17.47,habil,5799.75083666311,3868.35680005492
217,Residencial,15,1,33.38,fin_de_semana,2359.898162250272,2444.8762557258315
218,Residencial,85,47,25.14,fin_de_semana,3531.639259957111,1979.607536989772
219,Residencial,63,47,33.23,habil,4726.039943593594,3615.900901867024
220,Residencial,70,46,22.83,fin_de_semana,2816.809345057775,686.99263442119
221,Residencial,81,2,33.21,fin_de_semana,2030.151264996116,1056.7824411078063
222,Comercial,87,11,30.09,habil,5180.460720954358,4123.404980775516
223,Industrial,13,45,16.46,habil,6393.547233442812,3830.217071845924
224,Industrial,42,24,16.95,fin_de_semana,3887.842375055039,817.1612041295992
225,Comercial,34,35,18.11,habil,4327.713096199206,2293.23970451113
226,Residencial,30,2,29.99,habil,1836.256059575676,606.8939900501532
227,Residencial,4,38,31.41,fin_de_semana,1817.9512551564287,-281.4149973742885
228,Industrial,42,44,30.72,fin_de_semana,3514.7706836187253,1707.1414670799247
229,Industrial,58,19,16.61,habil,4113.716362708436,1791.830631460071
230,Industrial,32,5,23.67,habil,3459.699577187985,3544.2841323052444
231,Comercial,2,18,20.62,habil,5317.390311396384,4349.492186084434
232,Comercial,86,24,24.53,habil,4605.114680049122,3577.248885676909
233,Residencial,32,1,27.57,fin_de_semana,2450.1374859434263,2071.5487831772048
234,Comercial,22,30,25.81,fin_de_semana,3997.06804915263,835.8878107923623
235,Industrial,63,8,34.74,fin_de_semana,4287.401758029352,731.7807043016018
236,Residencial,90,1,21.06,fin_de_semana,3968.6826677323575,2064.6437969595468
237,Comercial,98,23,20.5,habil,4378.59442473431,2267.278424064199
238,Industrial,31,33,34.69,fin_de_semana,5275.199975082684,4271.400136593567
239,Residencial,43,34,20.96,habil,4115.518756660549,2284.7591667401284
240,Comercial,58,48,29.34,habil,5355.8701217450325,3828.63996055553
241,Comercial,80,4,11.3,fin_de_semana,3825.507030692077,269.53287253883155
242,Residencial,36,37,22.53,fin_de_semana,3491.4190441776814,1516.0827604333138
243,Comercial,35,40,16.32,fin_de_semana,3479.1898270713223,1065.2062498561213
244,Residencial,58,47,32.58,habil,3721.088745742026,2141.649547590103
245,Residencial,16,11,10.88,habil,2418.612788589085,1869.1471257237768
246,Comercial,97,46,28.14,fin_de_semana,5551.653952351127,3735.113489903516
247,Comercial,81,20,27.82,habil,5371.789111250803,4368.162850799204
248,Residencial,55,30,32.48,habil,4376.489968335662,2855.7481319058907
249,Comercial,55,37,23.7,habil,4602.470624863176,1971.245846210224
250,Industrial,51,46,29.12,fin_de_semana,3099.1737937766848,185.79792529691431
251,Residencial,34,30,19.68,habil,3715.388577193689,-261.1277544006001
252,Residencial,11,2,29.34,fin_de_semana,1734.877799994453,-1142.2677632902382
253,Comercial,86,49,22.06,habil,4151.08241718784,233.17088213300332
254,Industrial,28,45,15.43,habil,4849.982227469426,3120.4501319166
255,Residencial,12,3,33.13,habil,2594.9780588483254,3086.0921905308733
256,Industrial,38,31,16.0,habil,5342.754750507001,3233.801096705591
257,Industrial,22,20,25.08,habil,3418.431495430532,1002.7809112884466
258,Comercial,70,17,20.78,fin_de_semana,5250.50726083916,5149.831865439397
259,Industrial,62,34,19.48,habil,5103.160683733709,-1012.0666457982342
260,Industrial,7,7,27.65,habil,2460.9130186670754,388.3641946427933
261,Industrial,54,34,34.66,fin_de_semana,5480.802608756288,3020.1744600744446
262,Residencial,32,16,20.35,fin_de_semana,3456.691197140074,3849.1446527042935
263,Residencial,4,14,30.62,habil,1502.0517594754244,2123.760738264144
264,Residencial,12,3,32.59,fin_de_semana,3421.3761097409897,4670.297762027174
265,Residencial,45,3,24.75,fin_de_semana,1617.8639685642029,567.3592984389123
266,Industrial,75,24,33.81,habil,3866.579651164015,637.6992580873925
267,Industrial,2,33,23.52,fin_de_semana,3175.400228286053,781.8066233966282
268,Residencial,93,37,26.83,fin_de_semana,4026.738501536196,2452.6431259047595
269,Comercial,16,36,16.95,fin_de_semana,3047.5863458373024,-1135.2376016494252
270,Industrial,82,41,23.04,habil,4294.520341175677,349.7062040062447
271,Industrial,91,29,32.83,fin_de_semana,5052.513839516037,2763.0382210266675
272,Residencial,45,46,20.91,fin_de_semana,5344.247396740079,3897.9762952398487
273,Comercial,15,33,13.98,habil,3876.760340367566,3494.637165544996
274,Industrial,76,12,10.29,habil,5752.488143441925,3551.089782045566
275,Industrial,14,36,18.67,habil,3295.5520624283145,-4.5646656581788925
276,Industrial,23,28,23.38,habil,5088.06956264046,701.525445991891
277,Industrial,68,14,21.53,habil,3589.049234775567,2830.2495034411395
278,Industrial,98,30,24.87,fin_de_semana,5991.291898028674,3225.0500845142683
279,Residencial,7,36,31.06,fin_de_semana,3311.092434684833,2469.170561402816
280,Industrial,37,23,34.76,habil,2985.512045926377,-585.3703499451314
281,Comercial,26,49,15.85,fin_de_semana,3907.604356662728,1149.3197608446014
282,Residencial,71,22,11.22,habil,3855.113211200987,1789.8672653756716
283,Residencial,13,28,29.4,fin_de_semana,5410.533220467866,3685.168922206796
284,Industrial,36,19,25.7,fin_de_semana,4672.055641121496,3660.619290577963
285,Comercial,86,19,27.88,habil,3301.4738580625444,1570.2258900031752
286,Industrial,58,17,17.56,fin_de_semana,2714.161704781517,-327.7393116050012
287,Industrial,47,12,17.29,habil,4480.848995591655,2667.699243999551
288,Comercial,60,47,29.42,fin_de_semana,4279.256296184552,932.3980521973024
289,Industrial,36,45,22.91,habil,4641.487501160479,2798.251080709924
290,Comercial,25,47,14.83,fin_de_semana,3065.7856372986844,830.7117844912418
291,Industrial,82,39,17.25,habil,5348.912220755262,1322.6321398899595
292,Industrial,64,17,30.65,habil,3683.246377131845,993.5869047446816
293,Industrial,46,41,19.34,habil,5825.591144752076,5347.794288440106
294,Industrial,9,37,11.08,habil,3356.0617266780464,726.6887663156326
295,Comercial,96,27,29.12,habil,4808.488042071489,5022.51423167906
296,Residencial,13,29,17.8,habil,1917.065186100452,1161.767010789295
297,Residencial,5,47,13.18,fin_de_semana,4771.434336617612,4793.908051955403
298,Industrial,21,47,20.15,habil,5283.0132254780265,3352.0274656365964
299,Residencial,78,47,27.14,habil,5205.988084133788,1698.9747358412449
300,Comercial,64,45,13.45,habil,4385.032124768387,-4.814241726199634
301,Industrial,41,30,22.6,fin_de_semana,5604.720541254477,4705.868994082816
302,Industrial,87,33,19.31,fin_de_semana,3969.865244257228,535.7910033610317
303,Comercial,16,21,34.73,fin_de_semana,3802.4671990456377,2835.6085266502723
304,Residencial,41,8,18.18,fin_de_semana,5097.754206390888,5706.880561867775
305,Comercial,71,40,29.61,habil,5674.501939256466,1686.85685481181
306,Residencial,62,45,18.51,habil,5549.865484941449,4669.45379486343
307,Industrial,25,37,15.11,habil,4989.67908966343,2187.550130691442
308,Industrial,44,30,11.25,fin_de_semana,4801.795984081084,2635.7049725139923
309,Industrial,28,1,20.84,fin_de_semana,5202.81896304455,3479.0692948895394
310,Comercial,92,32,25.47,habil,3336.703400227113,819.1827575661455
311,Comercial,12,34,11.1,fin_de_semana,4494.460104498102,5161.713480918921
312,Industrial,26,26,29.05,fin_de_semana,4707.559934202482,2730.444833244443
313,Comercial,10,43,26.04,fin_de_semana,4138.034721862802,3145.50786365874
314,Industrial,47,12,33.71,habil,5815.059891519078,4447.65308452678
315,Residencial,58,3,22.79,habil,1756.1724887391963,797.8433881118058
316,Industrial,15,3,11.8,habil,2606.9088280430587,1340.7688576835535
317,Comercial,41,40,12.19,habil,3583.6752027637767,42.453220489512006
318,Industrial,65,11,13.97,fin_de_semana,3480.642567843901,325.2229193462088
319,Comercial,66,46,15.58,habil,4913.855537563897,3461.930509661632
320,Comercial,4,1,12.19,habil,3261.124653666191,1810.400631981518
321,Comercial,70,12,21.58,fin_de_semana,3724.542805280731,2683.3018556069296
322,Comercial,46,27,17.59,fin_de_semana,3667.385394935327,2604.0749601706907
323,Industrial,19,27,23.89,fin_de_semana,3850.719689146072,1810.8119659181568
324,Comercial,46,21,28.41,fin_de_semana,3461.2229051987338,2672.4799385251267
325,Industrial,13,49,15.09,habil,5839.987558045508,2941.328251657156
326,Comercial,27,28,12.39,habil,3433.1153453542474,1031.6594737901871
327,Comercial,8,25,27.52,habil,4460.516190387905,2567.28088129274
328,Industrial,21,37,31.57,habil,3706.106276453294,1757.7502579217844
329,Industrial,84,3,32.04,fin_de_semana,5472.410151637126,5371.055214936456
330,Residencial,50,34,33.2,habil,4538.456116066569,3424.963994859432
331,Comercial,49,44,24.36,fin_de_semana,6270.90803585269,4581.975805647225
332,Residencial,50,23,23.8,habil,3330.452090629992,1490.3152190445533
333,Comercial,37,38,33.06,habil,3209.776929225746,949.4839393204378
334,Residencial,94,23,16.63,fin_de_semana,3786.905242189701,1462.3968711047594
335,Industrial,64,11,27.67,habil,4634.227805217865,2716.840051138164
336,Industrial,18,38,27.13,fin_de_semana,5502.662018847838,5050.56462690206
337,Industrial,20,37,26.45,habil,5609.632433237149,6180.8631588385615
338,Industrial,51,35,30.75,fin_de_semana,5569.754544905905,4657.626572190466
339,Industrial,60,19,31.74,fin_de_semana,4917.086461811774,2943.056876786768
340,Residencial,32,14,26.06,fin_de_semana,4708.423467335369,5306.288776362302
341,Residencial,79,18,20.41,fin_de_semana,4226.780856714608,1427.0877519296882
342,Residencial,3,11,32.92,fin_de_semana,2968.014878385764,1974.408526655317
343,Comercial,79,5,10.37,habil,3016.7202293220275,-521.891788633849
344,Comercial,83,31,10.63,habil,4419.087883900909,1419.881203062229
345,Comercial,33,41,21.22,fin_de_semana,5132.922102526046,2751.7830406685816
346,Comercial,27,16,24.14,habil,4510.024037101583,3660.647860250492
347,Comercial,99,35,28.5,fin_de_semana,5399.19198414265,2495.359850849526
348,Industrial,58,45,32.79,fin_de_semana,5598.776133459819,3933.4197610882966
349,Comercial,79,38,29.59,habil,2789.522942733596,916.0641378696582
350,Industrial,37,7,25.09,fin_de_semana,4151.250283926211,2860.8864467669027
351,Industrial,68,8,32.25,habil,5156.514177547371,3439.8895255210346
352,Residencial,16,38,28.7,fin_de_semana,4591.574554063813,3357.343785906909
353,Comercial,68,41,20.88,fin_de_semana,4074.189773150972,2029.5027159115637
354,Residencial,24,22,32.87,fin_de_semana,4064.002033771616,2212.528462046208
355,Residencial,55,45,15.4,habil,4794.401917509833,3972.0248366105534
356,Residencial,13,11,23.22,fin_de_semana,3589.8523797358,1308.5263119408892
357,Residencial,77,37,25.66,fin_de_semana,2775.2751961024733,1234.1506752777225
358,Residencial,18,21,16.16,fin_de_semana,3076.280776706485,1756.3668523613828
359,Industrial,23,29,25.76,habil,5014.115173747957,2320.9434178032866
360,Residencial,9,3,19.52,habil,3118.3709070526006,3925.3313576067776
361,Comercial,41,18,26.37,habil,3466.161940883302,2786.910071037053
362,Comercial,26,12,18.34,habil,3301.996352398244,1361.3674431354318
363,Residencial,80,35,20.16,habil,3879.764023083183,1953.592319459595
364,Industrial,37,15,18.92,habil,3791.3818831433823,197.11827932634696
365,Residencial,21,39,12.37,fin_de_semana,3562.483566790273,1877.4827865887555
366,Industrial,49,28,11.94,fin_de_semana,5828.265195257258,3524.2887255903274
367,Industrial,62,32,34.54,fin_de_semana,4287.391318898214,1079.6459557005169
368,Residencial,91,14,25.79,fin_de_semana,3929.1643510277454,1714.4181368811471
369,Industrial,49,13,18.44,fin_de_semana,3485.8741113411324,-739.7675375682338
370,Comercial,41,13,13.43,fin_de_semana,4233.004418404117,3819.420727733512
371,Comercial,79,28,13.9,fin_de_semana,4391.99199940104,2304.9471994295186
372,Industrial,91,23,29.54,habil,5583.459710036544,3707.23930110363
373,Residencial,17,49,29.5,habil,5927.35595860179,3395.988082249109
374,Industrial,77,38,30.67,habil,6182.67819760298,1995.3177497947356
375,Residencial,50,35,11.13,fin_de_semana,5037.433413974309,3367.171284626837
376,Comercial,21,30,24.39,habil,4176.159479596396,2991.1945528033352
377,Residencial,93,6,32.04,fin_de_semana,4400.887327124549,3578.6114991503428
378,Comercial,35,40,32.11,fin_de_semana,4122.065513469159,4096.443102678333
379,Comercial,99,6,23.09,habil,4461.359342384206,1855.0122879834903
380,Residencial,42,23,25.92,habil,3024.2426002374414,2664.5184686917114
381,Industrial,50,29,18.54,fin_de_semana,4182.762313957292,1992.6855783656424
382,Comercial,72,24,14.25,fin_de_semana,3419.679508488098,1244.4322238335703
383,Comercial,14,39,14.13,fin_de_semana,4868.964459822876,5859.643967695884
384,Comercial,7,44,32.44,habil,3273.154200870508,1994.115604794992
385,Comercial,41,21,15.87,fin_de_semana,5727.722299992371,4774.815143802583
386,Industrial,24,34,28.34,habil,3358.456203005665,461.4293385230649
387,Industrial,35,38,20.76,habil,4513.53408104799,3989.943849299146
388,Residencial,90,12,20.83,habil,3083.3626320909143,657.2968337570577
389,Residencial,45,20,20.29,fin_de_semana,4927.761431647273,4593.082585815488
390,Comercial,94,25,20.37,habil,3850.446472465574,531.618986309889
391,Comercial,48,7,33.17,fin_de_semana,3560.929991483042,2755.1399324162658
392,Comercial,39,18,16.16,habil,3271.811692381814,-355.02933508120987
393,Residencial,58,3,12.25,fin_de_semana,4483.084774249812,4217.177503816303
394,Residencial,28,21,25.4,fin_de_semana,4066.835694968543,1563.6903367917491
395,Residencial,75,45,17.0,fin_de_semana,4912.419437865726,1193.4023211176254
396,Industrial,57,39,21.27,fin_de_semana,4453.191784247911,69.84709594384667
397,Comercial,25,11,27.42,habil,2373.842081259085,404.31643201281577
398,Residencial,3,25,10.42,habil,4489.085994729307,3616.714334791974
399,Residencial,70,3,24.76,habil,3121.472055533156,2122.146899367181
400,Comercial,22,26,15.34,habil,3963.446949956361,2666.1488437009552
401,Industrial,55,15,29.27,habil,4080.427843441633,1138.194511087453
402,Residencial,21,30,18.62,habil,4152.4086374998615,3505.9728206906025
403,Residencial,91,31,21.16,fin_de_semana,4432.295913018119,2730.0001734898105
404,Residencial,92,4,18.9,habil,4081.0600187899104,4650.910050469632
405,Industrial,68,36,31.82,habil,3952.499355555469,437.95063028605614
406,Industrial,52,5,18.39,habil,3398.2644903285163,794.687122114199
407,Residencial,14,37,22.23,habil,2960.326062085375,2321.3869893976903
408,Residencial,91,8,25.03,fin_de_semana,2930.199521111594,1520.8631558842733
409,Industrial,72,8,25.75,habil,5052.610687318733,3260.4884821244027
410,Comercial,89,31,33.73,fin_de_semana,4029.803616309303,3029.7288892517245
411,Comercial,47,43,21.1,fin_de_semana,3519.7719321322143,490.4165723304265
412,Industrial,69,41,12.68,fin_de_semana,3932.039452588048,-1972.5939767075288
413,Comercial,34,17,16.6,fin_de_semana,4886.471537598426,4975.7145675871925
414,Residencial,82,28,13.04,fin_de_semana,4527.702112521917,3316.314552308018
415,Comercial,24,16,17.95,fin_de_semana,4828.919747875545,5119.684942151499
416,Comercial,98,40,25.77,habil,3857.317169959014,1871.263230557008
417,Industrial,93,30,20.4,habil,5880.919511602266,3584.078443573725
418,Industrial,87,42,30.03,fin_de_semana,5965.403840364037,2210.647280854924
419,Residencial,75,24,10.17,habil,4441.972207629796,3849.152596330623
420,Comercial,19,43,15.6,habil,4994.097826688958,3814.048423617469
421,Comercial,48,20,14.3,habil,5199.724910332191,4925.69093800486
422,Industrial,46,29,28.51,fin_de_semana,4717.781873738799,1590.6002440734703
423,Comercial,92,49,27.39,fin_de_semana,5901.880574595803,2719.6833251546304
424,Residencial,1,16,10.14,fin_de_semana,4130.146943690709,4596.984899028501
425,Residencial,90,49,11.14,fin_de_semana,3084.1344749479053,-75.0039519986371
426,Comercial,22,34,25.98,habil,3510.184583264403,1886.862944055488
427,Comercial,60,9,28.7,habil,4321.014908336239,2728.4243723587338
428,Comercial,15,28,15.33,fin_de_semana,4433.983085371722,3563.3185745081573
429,Industrial,47,1,17.61,habil,4464.192800007355,4244.63414390119
430,Residencial,44,18,18.87,fin_de_semana,3025.663180559077,1729.3492052110505
431,Comercial,49,12,30.18,fin_de_semana,5235.888978644492,4331.984193829856
432,Comercial,49,12,25.27,fin_de_semana,4843.955289754396,1679.5185815429957
433,Residencial,9,22,12.1,habil,2364.477135496227,667.5179622531492
434,Industrial,75,10,13.13,habil,4776.581038668309,3461.287363673241
435,Industrial,69,25,29.33,habil,4347.839762511209,1841.35463188959
436,Residencial,35,43,16.24,habil,4336.9870080377705,3291.068159355412
437,Industrial,66,19,23.56,habil,4088.569497116945,1790.0276365055606
438,Residencial,39,45,26.93,fin_de_semana,4179.24424411598,2637.0913243075943
439,Residencial,45,12,34.26,habil,1912.896935998326,-400.8662091332507
440,Residencial,95,9,24.24,fin_de_semana,3602.413047927625,2775.9781123251987
441,Comercial,70,8,34.79,fin_de_semana,2551.4500305442925,-1355.517109647354
442,Comercial,1,28,30.59,fin_de_semana,2587.5742240905925,1517.941563248089
443,Residencial,52,32,13.34,fin_de_semana,4249.004048260666,2161.525062305133
444,Residencial,15,36,14.78,fin_de_semana,3752.097685570236,3548.021072579429
445,Residencial,36,46,31.53,fin_de_semana,4490.990595451348,4549.092625771232
446,Industrial,95,45,23.87,habil,4326.875697326756,1264.8692558480327
447,Comercial,23,12,14.2,fin_de_semana,4396.88818749053,3413.6440665947343
448,Residencial,51,22,24.03,fin_de_semana,4527.210702429698,5838.237520779391
449,Comercial,45,26,20.98,habil,3952.257757817475,885.3326288595836
450,Industrial,76,41,29.41,fin_de_semana,4772.84117477056,1849.3412571159329
451,Comercial,43,4,28.28,fin_de_semana,2590.308168660489,3875.232076487373
452,Residencial,45,28,28.96,habil,2312.5014428241248,2171.995827658337
453,Comercial,16,9,30.84,fin_de_semana,2812.000205858472,567.6364994038508
454,Industrial,59,3,12.89,fin_de_semana,3536.797738223184,479.8702306761625
455,Residencial,85,7,17.39,habil,4150.216455051258,1719.2750594840954
456,Comercial,58,19,26.56,habil,4558.618659227936,2856.7906016161783
457,Comercial,11,4,22.11,habil,2027.6577727561844,558.5460734483695
458,Industrial,11,8,23.83,fin_de_semana,2755.5793992194176,443.62290631400657
459,Comercial,89,23,15.01,fin_de_semana,5089.601050882021,2068.019195815577
460,Residencial,25,30,27.82,habil,3164.797298414448,4039.3940322039048
461,Comercial,53,29,11.12,fin_de_semana,3811.651567874341,1395.3574063973365
462,Residencial,44,9,21.22,habil,1630.4460694677732,-349.37219476522057
463,Residencial,21,29,24.97,fin_de_semana,3697.46502285088,2475.124093528069
464,Comercial,9,18,19.56,habil,2642.069703752353,1178.325844073675
465,Residencial,32,2,15.25,fin_de_semana,3636.9892830290646,1462.786637265389
466,Residencial,38,9,22.75,fin_de_semana,2238.989281988603,629.2192866213492
467,Comercial,12,46,22.81,habil,4559.165706864289,4408.254837033786
468,Comercial,19,33,11.34,fin_de_semana,5910.722078745929,3623.569206689352
469,Industrial,90,34,27.26,habil,6161.140076369504,4871.605969464059
470,Industrial,8,38,18.84,fin_de_semana,5055.847157145461,2334.2948959670607
471,Comercial,81,5,24.47,habil,5431.275503686253,5274.022183360921
472,Industrial,74,8,27.33,fin_de_semana,3173.0228150487164,1419.803688119641
473,Industrial,57,18,29.65,fin_de_semana,4949.838601931461,3379.9656682593472
474,Comercial,36,17,20.37,fin_de_semana,4161.60482315734,1735.2061941884874
475,Residencial,89,48,30.51,fin_de_semana,3681.1476545896057,1161.7727612808426
476,Residencial,91,40,27.6,fin_de_semana,4975.167736276087,5122.790649023806
477,Comercial,57,47,28.74,habil,5496.82390232142,3913.554126649089
478,Comercial,20,42,25.28,habil,4279.2234124554925,2366.8570663256337
479,Comercial,97,46,15.79,fin_de_semana,4534.939013668936,1593.6046516412678
480,Comercial,25,8,26.63,fin_de_semana,2667.502910182536,740.0374208928516
481,Residencial,99,27,31.43,habil,5236.799577492531,5164.162024961855
482,Comercial,49,19,31.45,fin_de_semana,4958.22733898801,3915.869645341694
483,Industrial,12,19,27.05,habil,3155.992455941926,1855.6617335951703
484,Residencial,42,46,17.82,fin_de_semana,5703.725649937296,4245.388481844534
485,Comercial,52,39,28.23,fin_de_semana,3188.215780677584,-186.2958701459341
486,Residencial,29,21,29.94,fin_de_semana,3498.6313621834306,4074.601507678929
487,Residencial,28,22,28.11,fin_de_semana,2327.897452530968,760.8406290473127
488,Comercial,86,32,30.61,fin_de_semana,4290.733006433738,1993.3418377187077
489,Residencial,61,11,33.75,habil,2227.330161908222,392.42233233762863
490,Industrial,30,9,24.72,habil,3406.338520821185,526.8581952872983
491,Industrial,23,35,19.8,fin_de_semana,4106.921077956527,2184.1711495797413
492,Comercial,50,5,10.33,habil,3092.424595875182,1269.6409092258789
493,Residencial,57,7,16.94,fin_de_semana,3281.637087367288,1818.2636425791989
494,Comercial,33,42,34.22,fin_de_semana,4169.07051746544,1379.8001446630687
495,Industrial,46,46,13.74,habil,3582.825661020679,-38.38855019231611
496,Residencial,81,48,13.6,fin_de_semana,3557.281070933267,-1.5593142437686238
497,Comercial,17,11,11.75,fin_de_semana,4018.820130176897,1189.1055594784414
498,Residencial,98,2,15.1,fin_de_semana,3057.303122483793,-107.88777665405264
499,Industrial,98,11,12.3,habil,6595.270498053164,5696.01434344131
500,Comercial,99,11,30.78,habil,4375.258645689846,4207.447733442206
501,Industrial,38,13,28.33,fin_de_semana,4135.461953578596,978.3107676572364
502,Residencial,61,26,30.51,habil,1919.0689101548337,673.3442607478094
503,Residencial,84,15,27.44,fin_de_semana,3677.582101287338,4458.996235635286
504,Industrial,24,32,24.99,habil,5233.339023881577,4239.059179755148
505,Residencial,58,38,28.79,habil,5234.439288951259,6683.426262600095
506,Residencial,12,10,32.88,habil,3665.683890216892,2156.389109746065
507,Residencial,82,29,20.36,habil,4325.631886442679,3188.8385095034528
508,Residencial,88,33,11.53,habil,4545.72691604614,5117.984600876303
509,Comercial,33,28,10.16,habil,3602.258980649115,-765.1433806957402
510,Industrial,7,34,28.05,habil,3899.517820970923,3590.1033073036515
511,Industrial,74,5,31.83,fin_de_semana,5052.628536596205,2210.8668247873925
512,Comercial,74,38,15.66,habil,2733.3316932528896,-1373.9947827954898
513,Comercial,21,8,26.77,habil,3240.59059169554,2427.127138320058
514,Residencial,78,33,19.33,habil,4958.348205293751,3747.689725110733
515,Residencial,77,9,17.72,fin_de_semana,3754.468189728869,4223.131002871975
516,Residencial,99,41,17.6,habil,5567.052967597949,4409.210420283574
517,Comercial,76,38,32.07,fin_de_semana,6235.771116196319,3811.414741511807
518,Residencial,25,4,28.84,fin_de_semana,1302.7488602174565,-662.657910579431
519,Industrial,35,20,33.18,habil,3782.547445667568,2258.645504305464
520,Industrial,25,49,15.38,fin_de_semana,4765.2600482032985,1597.4039326409877
521,Comercial,23,23,30.0,habil,4097.755794913741,3540.5770888024363
522,Industrial,84,45,14.96,habil,5886.705966406382,3216.662100917929
523,Residencial,25,43,24.55,fin_de_semana,3358.5490409831955,1783.738843653747
524,Industrial,14,40,12.59,fin_de_semana,3965.389635896672,2611.038252113357
525,Industrial,4,44,16.78,habil,6477.608604659639,4563.009059900522
526,Comercial,80,10,15.5,fin_de_semana,3447.7631881449856,2719.501702710919
527,Comercial,36,13,15.51,habil,4015.152518306541,2730.6764497372737
528,Residencial,70,44,27.56,fin_de_semana,2813.9920367948025,2290.4988668638034
529,Industrial,16,20,23.97,habil,4717.851889647583,2238.8780791515583
530,Industrial,20,46,12.33,fin_de_semana,4220.253635117512,540.0258254474974
531,Comercial,43,14,31.26,habil,3596.967561959233,2941.4972963400905
532,Residencial,34,29,24.16,fin_de_semana,5039.718833828857,5274.131493628551
533,Residencial,14,1,12.8,habil,2561.818994713626,3368.211230276436
534,Residencial,42,38,25.04,fin_de_semana,4665.829658347951,2790.758153519996
535,Comercial,5,19,20.65,habil,3361.4097222825453,2105.75487266408
536,Industrial,89,6,23.69,fin_de_semana,3570.3230255860467,3022.9385637371065
537,Comercial,36,2,13.93,fin_de_semana,4227.291921022375,4657.528718153983
538,Residencial,19,25,14.33,habil,2432.313261393056,1471.2196961674122
539,Residencial,17,42,33.72,fin_de_semana,2920.574954671265,964.2264144999128
540,Comercial,5,34,19.77,habil,3555.046537519123,3126.001737812829
541,Comercial,18,24,12.93,habil,4142.332038236144,4350.827592289197
542,Comercial,30,2,29.63,habil,1892.57167355462,849.0120918947548
543,Comercial,81,2,15.38,fin_de_semana,3649.666185935871,-223.03266896256144
544,Residencial,29,7,21.54,habil,2673.0423839582977,2025.3805795928563
545,Comercial,82,26,17.62,fin_de_semana,4803.085039892151,4622.336593717133
546,Residencial,78,4,33.5,habil,3713.6606680052178,714.6277581534526
547,Industrial,56,41,34.55,habil,4885.030155392112,2795.225392395
548,Industrial,68,4,24.59,habil,4162.745259339936,2143.9849921730265
549,Comercial,24,42,15.79,fin_de_semana,4020.894503413752,1228.6712599438454
550,Industrial,87,22,34.18,habil,4427.531022162053,3932.2243715636446
551,Comercial,44,14,11.38,habil,4306.43644904264,3059.844098873528
552,Residencial,82,13,32.62,habil,4227.3662210869625,2779.2902066184374
553,Residencial,94,8,17.91,fin_de_semana,2822.1489636178435,753.4964629810304
554,Comercial,71,17,16.99,fin_de_semana,2715.3116296260528,708.5014984035193
555,Industrial,47,29,33.37,fin_de_semana,5151.968926089458,4047.428028157863
556,Residencial,42,15,31.27,habil,3572.208051758162,3468.4199485625163
557,Residencial,29,33,23.73,habil,3036.1341626580743,4274.594459038613
558,Industrial,10,13,20.89,habil,3375.561159898052,1339.4209453699937
559,Residencial,98,36,29.52,fin_de_semana,3538.8290096785327,1185.1063665616912
560,Industrial,47,13,25.41,fin_de_semana,3951.943584173039,2732.4569702120307
561,Comercial,70,20,11.89,fin_de_semana,4200.365236540649,3740.0831280635966
562,Comercial,65,5,34.67,fin_de_semana,3200.632856813125,3853.947699257658
563,Industrial,17,6,29.31,fin_de_semana,3026.012938756356,1683.7693095856005
564,Industrial,7,32,15.67,fin_de_semana,3427.5966857580506,-137.3190965583982
565,Residencial,22,18,11.87,fin_de_semana,4578.325055664913,3264.636220054665
566,Industrial,32,43,12.86,fin_de_semana,4339.099963189696,1849.268836302228
567,Comercial,5,20,29.6,fin_de_semana,4204.687719742984,3743.6380726188127
568,Comercial,3,6,11.91,fin_de_semana,2974.7802828400186,4671.055893583275
569,Comercial,26,9,10.52,habil,4045.277217981971,1924.4188765245008
570,Industrial,80,8,24.3,habil,4485.769938403082,2115.168103798708
571,Comercial,60,39,25.63,fin_de_semana,4040.7771943441912,658.3355760998858
572,Industrial,89,17,34.04,habil,5457.321878131504,4459.558520095113
573,Residencial,3,36,22.96,fin_de_semana,4814.675390298252,4483.291037405349
574,Industrial,28,48,24.41,habil,3162.087504367678,-41.48589414209561
575,Comercial,92,43,23.58,habil,5025.980200839706,2458.634567209556
576,Comercial,6,29,21.36,habil,3375.4611622279763,2317.568200333593
577,Industrial,3,18,25.95,habil,4561.821837279626,5085.283731618076
578,Comercial,86,46,12.07,fin_de_semana,6778.109531296886,2512.637390852164
579,Residencial,87,36,19.67,habil,4612.508399731885,3031.84832569128
580,Comercial,60,42,18.31,habil,5145.291302831345,5662.285506285829
581,Residencial,35,38,29.66,fin_de_semana,4810.046750729497,3367.536103094888
582,Comercial,66,47,12.96,fin_de_semana,5364.211954575093,4012.68584197282
583,Residencial,34,35,19.28,habil,4413.507257600756,2858.303889424988
584,Comercial,38,15,18.72,fin_de_semana,3615.012899553096,3102.7239269597358
585,Residencial,19,25,10.29,fin_de_semana,4662.041829336003,2744.6760093213165
586,Industrial,44,38,14.79,habil,5739.464800120264,4077.9098274725625
587,Industrial,86,13,13.96,fin_de_semana,5055.772828853431,3147.2150563300675
588,Comercial,72,47,20.95,fin_de_semana,5636.414761243157,4235.930062015655
589,Comercial,21,9,29.51,fin_de_semana,2555.5863910524704,55.57238801320973
590,Comercial,70,7,25.71,fin_de_semana,5877.730790179077,4325.0666426462185
591,Residencial,99,38,31.79,habil,5582.769653694044,5100.288003564495
592,Residencial,85,29,11.31,habil,2881.3004854096826,663.8594521641522
593,Comercial,49,41,29.52,fin_de_semana,5563.166092839204,3576.435662347364
594,Industrial,99,36,21.27,habil,5788.819675720745,2896.870702728268
595,Industrial,1,8,32.46,fin_de_semana,5045.585494061845,4541.353495715367
596,Industrial,79,49,10.39,habil,5228.885435030098,1992.0474173001885
597,Industrial,47,7,25.25,habil,5714.782790491991,3439.939475876361
598,Residencial,78,36,10.33,habil,3974.6923226521167,1832.291534498728
599,Comercial,85,27,15.09,habil,2512.690764342454,-214.40672850960135
600,Residencial,75,27,24.06,habil,4391.988075299675,3281.9315324898785
601,Residencial,89,29,18.3,habil,4553.943095676084,3160.2367210576504
602,Industrial,86,44,30.86,habil,5600.523043024646,2780.0139570979454
603,Industrial,69,5,10.24,fin_de_semana,4768.091654213632,3355.1597828828026
604,Comercial,28,34,23.64,fin_de_semana,4603.805126072632,4643.165994416503
605,Comercial,5,1,10.13,habil,4814.644780881662,4423.327389502794
606,Comercial,72,18,26.98,habil,3244.40707949436,-232.06395376906917
607,Industrial,55,45,14.99,fin_de_semana,4887.80931366192,3774.685885900896
608,Residencial,72,23,20.14,fin_de_semana,3028.987408013661,845.6739626425638
609,Residencial,32,49,12.3,habil,3520.546774022683,1324.2741411008294
610,Industrial,36,28,29.67,fin_de_semana,5562.992292339544,3595.4973227265277
611,Residencial,60,22,15.42,habil,3786.40615378516,4771.772520439424
612,Industrial,1,28,19.15,habil,5263.47679036758,3446.3000641787376
613,Residencial,35,4,13.99,habil,4104.389176223647,2801.330661304383
614,Residencial,59,25,23.69,habil,4157.545648876393,3379.156813417334
615,Residencial,18,26,34.47,fin_de_semana,2706.866852350108,479.4069646786495
616,Comercial,61,41,34.63,fin_de_semana,4783.638754524572,2435.333177150438
617,Residencial,89,43,13.9,habil,4228.796093294001,3805.091512265281
618,Comercial,23,26,33.56,habil,4480.584692956899,4521.68172280161
619,Comercial,79,30,26.73,habil,3442.8666110501545,1624.6852512214164
620,Residencial,16,25,29.13,fin_de_semana,2739.90533901508,1718.4072011912206
621,Residencial,31,41,32.35,fin_de_semana,4215.563690250417,2776.9784610672173
622,Residencial,13,45,26.11,habil,3217.370574135632,3881.3249626762986
623,Residencial,61,1,24.54,fin_de_semana,4258.684817594162,5340.716724748567
624,Comercial,71,27,28.08,habil,4905.23079913203,4025.694104983088
625,Residencial,13,4,20.76,habil,2036.1400071334228,1731.4396256132084
626,Comercial,67,24,21.48,fin_de_semana,4729.737578019847,2759.9216144237325
627,Industrial,55,29,18.34,habil,5470.827253669335,4886.04344330284
628,Residencial,64,47,14.73,habil,3969.937792037931,2359.2433150040843
629,Residencial,66,8,10.16,habil,4067.468650577408,6823.252617594946
630,Residencial,42,49,25.31,habil,4843.924642878606,2067.116887334923
631,Comercial,61,47,33.38,habil,3673.0952019827214,616.0792977790848
632,Residencial,35,42,17.84,fin_de_semana,3992.356729478133,2254.2268321297443
633,Comercial,48,36,19.41,fin_de_semana,3707.051936865908,1956.7839823914371
634,Comercial,13,19,24.92,habil,3420.6065262298875,671.0301701698925
635,Residencial,77,26,24.09,fin_de_semana,3900.313382811054,2379.663871238325
636,Residencial,82,35,30.7,habil,5046.787523876476,4911.131371159422
637,Residencial,85,27,32.39,fin_de_semana,5160.5143641473605,2685.104262479922
638,Comercial,75,23,16.83,fin_de_semana,4227.995311845575,906.9944185284846
639,Industrial,85,36,17.99,fin_de_semana,6727.730534218766,4141.601094197316
640,Industrial,30,25,22.66,habil,4350.361820880359,815.2399304911571
641,Residencial,5,25,26.29,habil,3009.551829571226,1920.228282912822
642,Industrial,43,21,26.86,habil,4301.800348396268,58.03298164708186
643,Industrial,13,6,29.32,habil,5704.655663224072,2908.4627999629997
644,Industrial,85,19,28.85,habil,3967.7925964629294,1770.088059975181
645,Residencial,21,15,28.71,fin_de_semana,4264.3502931032535,2732.7140200549984
646,Residencial,74,19,24.55,fin_de_semana,3729.1894072835776,1914.5445297871472
647,Comercial,61,49,12.65,habil,3150.7335104848025,-651.383568945855
648,Comercial,15,13,11.71,habil,2249.4493232816185,-844.2213477092387
649,Comercial,54,6,19.05,fin_de_semana,3834.3656175876936,3723.064028249551
650,Comercial,65,29,27.67,habil,4869.650674475799,1360.3136891585525
651,Comercial,48,20,22.94,habil,5006.037431791869,4703.389541482088
652,Comercial,39,41,15.33,habil,4078.3417105746366,2347.724429662132
653,Comercial,32,42,11.26,habil,3805.1663960785218,2487.4530935474813
654,Residencial,72,10,33.34,habil,3296.877293915359,2546.886767150621
655,Comercial,89,37,26.33,habil,6343.673415371938,4449.722367567658
656,Industrial,88,46,10.79,fin_de_semana,5860.12761994855,1192.3838777277474
657,Residencial,17,14,21.58,habil,2578.0915943347823,3295.862672426826
658,Comercial,98,43,33.1,habil,6437.367452754526,4411.406206003158
659,Industrial,16,45,19.1,habil,4307.430328765024,680.7001262875839
660,Comercial,26,35,21.64,fin_de_semana,5026.177969508703,3856.848176535974
661,Comercial,50,46,26.35,habil,4852.770024458296,1587.6031474690687
662,Residencial,19,35,28.29,fin_de_semana,3210.190742120431,2214.418410620356
663,Industrial,63,45,10.2,fin_de_semana,4750.700172485645,2232.219178380036
664,Residencial,62,21,18.76,fin_de_semana,3669.523396983937,1839.5658426382647
665,Residencial,17,40,20.5,habil,2245.279172046361,-871.5827217768011
666,Industrial,79,45,22.39,fin_de_semana,5210.183719534116,1915.185003234245
667,Industrial,3,47,10.74,habil,3820.515486958912,374.6107635916681
668,Industrial,99,38,34.99,fin_de_semana,5130.077221211133,2223.0860129402017
669,Industrial,41,36,31.89,fin_de_semana,6168.371265619927,3166.484291554085
670,Comercial,92,8,33.62,habil,3549.5793818898323,1326.1746160430353
671,Comercial,99,41,11.55,habil,4392.639404849124,1579.9431748957431
672,Comercial,78,30,29.41,habil,3321.5663276528567,3194.45129148012
673,Industrial,82,6,21.1,fin_de_semana,5347.302522362255,3813.5462224928574
674,Comercial,40,48,23.38,habil,5627.79469037694,4600.378340936152
675,Residencial,70,47,10.4,fin_de_semana,5045.909452226607,2367.776309104989
676,Industrial,1,13,26.45,habil,3536.300119932161,1424.3523783809335
677,Residencial,33,41,30.12,fin_de_semana,4620.891395232538,2911.468337870395
678,Residencial,3,17,21.0,habil,1900.4785361905367,2315.292588847679
679,Industrial,24,21,29.31,habil,4111.200703124071,1536.4403321504371
680,Comercial,34,27,29.2,fin_de_semana,4373.586857052037,1440.0280267083645
681,Residencial,68,20,30.71,habil,3674.21425270822,3872.222348985976
682,Comercial,60,5,15.03,habil,4065.5832234035342,2572.9663548080416
683,Industrial,28,19,24.15,habil,3747.0977819493983,1424.5445142759738
684,Residencial,12,44,10.73,fin_de_semana,4236.854784764909,3694.9542512652615
685,Comercial,15,34,21.32,fin_de_semana,2934.7794078567617,-6.588748409023456
686,Industrial,69,29,11.85,fin_de_semana,4567.364197909953,2624.272661244358
687,Residencial,14,23,26.61,habil,3742.986723265466,3567.2003619876123
688,Comercial,60,27,34.94,fin_de_semana,3775.796178918295,-490.4784104865094
689,Comercial,49,49,22.92,fin_de_semana,4121.158795947807,2258.2185455689787
690,Comercial,4,20,22.82,fin_de_semana,2845.1027044245743,1448.1271411039452
691,Industrial,58,32,28.94,fin_de_semana,4332.910728308056,592.0348838260985
692,Industrial,74,12,12.58,habil,3465.0501357552826,311.5376411940659
693,Industrial,36,6,14.81,fin_de_semana,2855.889006690812,919.7533297929864
694,Comercial,44,33,23.53,habil,4096.242410665294,1679.788472273679
695,Industrial,8,13,26.21,fin_de_semana,3888.8546006027577,2180.289900239116
696,Comercial,71,40,30.41,fin_de_semana,4724.833667526195,3687.814390555164
697,Comercial,67,23,30.46,fin_de_semana,4840.495693866433,3599.060742803728
698,Residencial,7,12,18.49,habil,3484.607750432964,1818.621461068038
699,Residencial,94,34,27.86,habil,4707.977978513059,3698.799149677647
700,Residencial,38,24,19.24,habil,3257.21225727354,1609.7411847090548
701,Comercial,52,1,27.67,fin_de_semana,2818.0987380116426,1334.7026642620488
702,Comercial,39,41,33.57,habil,5590.281802827845,3873.09368265951
703,Industrial,59,13,21.37,fin_de_semana,3371.648232285628,335.8821020279865
704,Residencial,32,43,27.22,fin_de_semana,3839.084027308305,3006.268620273762
705,Residencial,36,13,19.89,habil,3074.672816158073,2081.245713481734
706,Comercial,84,26,16.19,habil,5039.920524130972,4579.639331027699
707,Residencial,26,19,33.73,habil,1613.119221585477,-421.9799964647895
708,Residencial,39,17,34.43,habil,3668.761536710626,2650.984254731036
709,Industrial,9,22,21.98,fin_de_semana,4303.1091311566415,3937.560827885632
710,Comercial,1,27,20.26,fin_de_semana,3418.9462211703258,3240.983611775859
711,Industrial,73,40,15.37,habil,5073.777410325609,1126.254737799557
712,Industrial,99,29,12.46,habil,5247.670706815753,2018.4584852092055
713,Industrial,19,27,12.28,habil,4112.667017144337,2036.0529503879584
714,Industrial,57,21,31.59,fin_de_semana,4481.54206395242,3818.487734634058
715,Industrial,98,17,11.14,fin_de_semana,5439.8526320819055,3089.263613379308
716,Comercial,52,4,26.35,habil,5197.268640854476,3896.3767168414456
717,Industrial,11,26,18.42,fin_de_semana,2984.29975031452,3203.8270543402286
718,Comercial,53,11,31.31,habil,4900.480006912785,4424.228069059128
719,Residencial,16,23,34.38,fin_de_semana,2535.591996111339,444.8155123645153
720,Residencial,62,39,15.16,habil,4764.377589554871,3926.0041704277846
721,Residencial,6,9,30.23,habil,2967.033535958314,1306.1827201018068
722,Comercial,28,38,23.08,fin_de_semana,5261.865024819308,4486.189602355655
723,Residencial,32,34,11.75,fin_de_semana,4900.790509112745,3759.5674448680097
724,Residencial,29,15,20.88,habil,4542.96453469219,2833.1323934707184
725,Comercial,7,34,14.73,habil,4065.632672818447,2743.2991946499706
726,Comercial,48,17,23.29,habil,2352.489672273398,1049.499954264187
727,Residencial,15,28,11.5,habil,4515.305624781804,4709.539849645652
728,Industrial,84,14,31.84,habil,4059.207118056336,-851.7869325506935
729,Industrial,7,17,19.39,habil,3136.9849319251,1535.507019855709
730,Comercial,62,21,16.37,habil,3900.5716406428937,2686.970467202293
731,Comercial,4,21,11.07,habil,4060.346008373489,4068.658343659908
732,Comercial,60,18,21.25,fin_de_semana,3633.104808635922,3166.921258752103
733,Industrial,85,31,23.93,habil,4346.427320762236,4911.071643267828
734,Industrial,51,22,34.91,fin_de_semana,5631.576252496497,3905.025272543847
735,Residencial,56,49,12.86,habil,4036.886646855956,1554.370265277115
736,Residencial,83,20,29.5,fin_de_semana,3136.4316785431256,1891.1105488502
737,Residencial,25,36,19.48,habil,2265.1464085856533,294.1234250266669
738,Industrial,92,6,18.96,habil,4619.363090394516,588.4989842180609
739,Industrial,97,45,34.58,fin_de_semana,4500.602748029831,1006.11376898873
740,Industrial,92,7,32.82,fin_de_semana,5404.054481296571,3963.806253084376
741,Comercial,17,42,28.54,fin_de_semana,4841.2437437993685,2796.235366439946
742,Industrial,50,6,33.53,fin_de_semana,4315.244161503594,2268.809501963785
743,Industrial,68,38,18.13,fin_de_semana,5469.671375321474,4216.426075184547
744,Residencial,14,20,27.93,fin_de_semana,4247.814703391983,4076.448848498088
745,Residencial,36,49,16.09,fin_de_semana,2636.274757890136,1567.0718881556584
746,Industrial,71,47,19.75,fin_de_semana,4042.166965572212,89.88039795245632
747,Residencial,93,17,13.31,fin_de_semana,5070.527480651484,3663.4651167888346
748,Comercial,96,28,30.73,habil,3621.1878488729553,682.961420660186
749,Comercial,61,47,26.75,habil,3927.200721367228,1477.4788068726918
750,Residencial,65,5,28.73,fin_de_semana,2662.037542278252,1469.1607049197798
751,Residencial,52,19,31.72,habil,3986.653847119253,2489.2165077750315
752,Comercial,52,28,19.62,habil,3478.570640461662,1286.9524886994045
753,Industrial,7,41,10.05,habil,5389.923324076683,2345.320096241928
754,Industrial,1,21,19.77,fin_de_semana,4090.839030492765,3980.450843574163
755,Residencial,13,9,12.69,habil,3061.632523530288,2138.089625005961
756,Industrial,8,22,34.4,habil,4737.488794075422,4877.351102858516
757,Comercial,26,1,29.63,habil,5428.295379878842,4516.8404137106245
758,Residencial,75,36,33.11,fin_de_semana,3554.1012963363014,642.0754912601005
759,Comercial,33,20,16.2,habil,4182.68739265978,2947.3638578598507
760,Industrial,19,39,11.26,habil,5497.600472680067,4187.364619729766
761,Comercial,46,31,27.09,habil,4918.68906600751,2549.926568396162
762,Industrial,56,8,21.32,habil,4586.262531653052,2210.23904284415
763,Residencial,33,17,17.03,habil,2677.822286090492,619.608075786181
764,Residencial,65,23,10.2,habil,5250.513431210584,2154.2091722079044
765,Residencial,2,9,32.68,habil,2072.1731531095943,1299.724444596259
766,Comercial,73,13,17.02,habil,4053.28386909638,-128.62145258506308
767,Comercial,54,40,10.49,habil,3809.9042173194302,601.1785893565313
768,Residencial,2,49,24.59,habil,2732.805228580616,2097.983385020421
769,Residencial,39,11,33.49,fin_de_semana,3887.538603963721,3583.77849396785
770,Industrial,91,8,26.94,fin_de_semana,5056.719517030328,2609.9349802541446
771,Industrial,45,25,33.47,fin_de_semana,3983.653615378951,2532.8407947474684
772,Industrial,69,40,19.94,habil,3277.561640493572,1738.2303740522802
773,Residencial,40,44,21.16,fin_de_semana,3196.388052442514,264.48274664025325
774,Comercial,64,29,15.46,habil,5107.599169896383,2617.31009852391
775,Industrial,98,6,29.74,habil,5357.04206524555,2555.415946156985
776,Comercial,86,10,22.42,habil,4350.518291508508,4955.439827050544
777,Residencial,86,14,20.59,habil,3089.519534553796,1562.7997948000686
778,Comercial,93,9,19.04,fin_de_semana,4655.957388724997,3554.498345262103
779,Comercial,21,28,25.14,habil,4376.8771342716245,1909.7967040370293
780,Residencial,37,11,23.25,habil,2922.609242383499,3042.4559557601683
781,Industrial,83,45,11.05,habil,6505.019356698249,5535.4761328442655
782,Industrial,26,48,32.4,habil,5015.07758206914,2733.625594002782
783,Residencial,40,13,29.55,fin_de_semana,4256.982301261965,3299.514444293347
784,Residencial,76,9,23.05,fin_de_semana,2916.4244569331,683.2839687446705
785,Residencial,48,26,33.54,fin_de_semana,3150.1055047702057,3710.565212440043
786,Comercial,92,41,13.26,fin_de_semana,3485.286323910863,799.2802256300115
787,Residencial,44,39,34.91,fin_de_semana,3056.9858301396102,-270.89370880462445
788,Residencial,3,15,10.22,habil,2822.2557554161813,3977.892708923423
789,Residencial,31,15,11.19,habil,3171.8901603668787,2879.596103483097
790,Comercial,49,26,16.35,habil,3284.91019797456,2802.6131601664224
791,Comercial,6,26,17.8,habil,3715.081796377847,3052.485080957299
792,Industrial,21,16,23.73,fin_de_semana,4431.522505741813,3677.375355017708
793,Residencial,85,22,19.9,fin_de_semana,5309.580916605982,4326.361548045254
794,Industrial,92,43,16.56,fin_de_semana,5528.9888096401655,4962.377071110397
795,Residencial,2,15,27.49,fin_de_semana,4013.3960435299423,4715.669132803391
796,Industrial,23,49,21.63,habil,4610.941187319499,2496.123179813838
797,Residencial,39,39,13.3,habil,5693.501878469046,4291.072343624233
798,Industrial,60,27,17.31,habil,5759.034034213354,4187.8288344084085
799,Residencial,32,32,28.7,habil,4887.826088831905,5181.425805866687
800,Industrial,92,3,13.61,fin_de_semana,4064.240954791212,951.6312395432316
801,Comercial,92,8,27.03,fin_de_semana,4440.305782379559,2464.280417881656
802,Industrial,21,17,15.18,fin_de_semana,3570.4380060473814,2047.383552329769
803,Comercial,8,49,20.38,fin_de_semana,4545.263457769295,2975.369718936182
804,Comercial,95,9,17.83,habil,3139.4161479469813,-4.914412895265549
805,Residencial,63,12,22.54,fin_de_semana,3642.776140972008,3344.5919881683785
806,Residencial,4,43,23.99,habil,2002.5585618424684,3001.9416902541498
807,Industrial,2,47,11.93,habil,4171.217425483476,3680.1064202172975
808,Comercial,93,38,33.96,habil,4636.831533472207,2767.374541983401
809,Comercial,21,25,22.54,fin_de_semana,2992.1513471722465,6.4516038674504905
810,Industrial,9,15,34.61,habil,4724.1871161626495,3619.96015817406
811,Comercial,31,15,33.79,habil,2846.267198643459,179.97664351392257
812,Industrial,80,7,29.86,habil,2905.316408526184,1489.1572547300952
813,Comercial,10,19,21.96,habil,3650.738387016604,1265.5271646174708
814,Industrial,70,48,17.14,habil,5632.968897995054,1768.848163511948
815,Comercial,87,20,32.78,fin_de_semana,4954.970058973971,4866.671446504008
816,Industrial,86,33,18.76,habil,4727.789068932606,1630.4699666159515
817,Industrial,68,11,29.85,fin_de_semana,5873.155691826593,3475.271503641538
818,Residencial,54,48,14.77,fin_de_semana,3859.512850363748,-192.1632305061747
819,Comercial,30,11,18.62,fin_de_semana,3732.0404903351728,939.6285695583877
820,Comercial,25,22,19.14,habil,4365.199387978865,3593.206595363851
821,Residencial,80,49,22.83,fin_de_semana,3530.4630707686906,1250.4380790383066
822,Residencial,66,1,20.77,fin_de_semana,1908.5419313582984,-456.1749528594282
823,Industrial,20,37,33.31,habil,5647.087175823618,4501.057149566416
824,Comercial,98,45,18.19,fin_de_semana,4315.755754631419,1192.4105438512906
825,Industrial,17,2,31.5,habil,2379.9437833606025,1357.2846142962298
826,Residencial,55,45,23.86,habil,4324.036692883277,3834.5428434224
827,Comercial,27,13,17.65,fin_de_semana,3145.818073368081,908.978962105171
828,Industrial,88,31,21.87,habil,5979.690308658796,3523.025271355012
829,Industrial,38,35,20.22,fin_de_semana,4734.207379476648,3825.8239257702503
830,Residencial,18,37,31.43,fin_de_semana,3602.385862884696,2302.9292038826347
831,Industrial,2,18,27.43,fin_de_semana,5076.345315153776,3062.5099888049167
832,Residencial,72,27,15.1,fin_de_semana,3031.57377683867,1073.9614828950037
833,Industrial,15,4,33.67,habil,3872.173150459536,4043.730309100213
834,Residencial,51,16,22.81,fin_de_semana,3198.6021903120454,2368.0565253008804
835,Industrial,52,11,20.78,fin_de_semana,5286.519155359737,3998.896467992908
836,Comercial,14,38,18.39,habil,3294.446336227516,1335.171747806041
837,Residencial,88,47,28.41,fin_de_semana,5011.0560509874,5245.4805197680735
838,Industrial,97,12,14.15,habil,3783.636508913277,185.36198246036207
839,Residencial,63,35,17.94,fin_de_semana,2660.322918476543,-312.3531986006595
840,Comercial,39,1,30.88,habil,4480.356250245855,3335.19159195368
841,Comercial,10,35,25.87,fin_de_semana,3552.564258086898,2287.664729592727
842,Comercial,67,9,21.08,fin_de_semana,4229.317818459716,2517.2110941715187
843,Industrial,29,14,33.52,fin_de_semana,3626.253549710808,1888.476269140826
844,Comercial,4,34,22.51,habil,3344.564397910476,-80.03996246510692
845,Residencial,97,23,20.52,fin_de_semana,4784.34521597396,2560.954212554642
846,Industrial,29,26,15.49,habil,4561.844084894851,2548.2517392879267
847,Residencial,12,27,29.52,fin_de_semana,3235.33941399814,-193.723604121575
848,Residencial,49,34,22.35,fin_de_semana,3311.1450043793425,2536.533182333392
849,Comercial,34,26,14.98,fin_de_semana,4816.099361766144,2497.737933276735
850,Comercial,11,40,11.06,habil,3232.910182082387,1456.2553342388364
851,Residencial,90,26,23.91,habil,4401.829715596466,3874.8991880485514
852,Comercial,78,12,32.66,habil,5500.076878184657,4220.03390485999
853,Industrial,22,37,19.58,fin_de_semana,4303.805089311978,-203.71140668497503
854,Residencial,37,17,20.4,habil,4205.234347132162,4202.979015349271
855,Comercial,82,22,14.12,fin_de_semana,5596.326122637734,2117.531971065991
856,Industrial,55,1,22.99,fin_de_semana,6305.975524552969,3243.211288992617
857,Residencial,5,30,32.29,fin_de_semana,3655.304390800675,4407.52581875639
858,Comercial,90,14,13.13,habil,5689.375376715407,3472.736203607973
859,Comercial,96,37,20.06,fin_de_semana,4766.429247663965,2633.9077590989523
860,Comercial,37,49,33.14,habil,4692.447743629708,2663.3129641116698
861,Industrial,5,41,29.42,fin_de_semana,5822.839074037635,2668.819824196047
862,Residencial,63,24,33.71,fin_de_semana,4370.13942589646,3545.810832392692
863,Industrial,11,4,21.49,habil,2485.354206797216,650.7956363687273
864,Industrial,11,29,19.96,habil,2252.465629983626,135.45112803973552
865,Residencial,2,47,11.58,habil,3065.9274316943006,417.6733558110358
866,Comercial,22,2,16.32,fin_de_semana,3940.003426741088,5208.3369052858
867,Residencial,70,41,19.04,fin_de_semana,2922.524221704231,405.418558224855
868,Residencial,30,3,27.65,habil,4841.627610955711,3734.261181498278
869,Industrial,10,11,19.06,fin_de_semana,4633.46397821993,4394.008493507743
870,Residencial,30,36,18.33,habil,2687.400466804384,1478.3202214726955
871,Industrial,45,45,15.8,fin_de_semana,6739.39671472109,4464.945326257927
872,Industrial,21,28,17.38,habil,3506.3083851479,1353.392132355551
873,Comercial,32,38,30.26,habil,5139.264837848827,2309.7805873601037
874,Industrial,58,21,26.4,fin_de_semana,5631.840445166362,4997.772946716683
875,Residencial,11,12,14.63,habil,3878.11702492019,3644.1273644553
876,Residencial,43,47,20.27,fin_de_semana,3431.821417153724,2480.6518085350604
877,Residencial,79,40,25.83,fin_de_semana,4275.843196255086,621.4685862866803
878,Residencial,42,5,31.62,fin_de_semana,4022.236771020537,2113.3046145276658
879,Industrial,5,39,15.27,fin_de_semana,4900.17904705478,4540.186923467024
880,Comercial,3,1,28.49,fin_de_semana,2992.965201886276,1271.5784271542357
881,Residencial,10,32,22.76,fin_de_semana,2151.3701009119345,1001.3599326411274
882,Comercial,70,36,15.27,fin_de_semana,3960.591986732175,2267.40952671323
883,Industrial,88,42,31.58,habil,5656.607430491981,2105.236675508096
884,Industrial,31,37,20.24,habil,5766.718140090742,4337.015385344876
885,Industrial,9,13,29.07,fin_de_semana,3514.3649533640987,1372.6762035090478
886,Comercial,46,3,21.1,habil,2945.2238902694835,3627.294711363216
887,Industrial,60,45,22.82,habil,5220.282373446447,2150.9742530399453
888,Residencial,98,46,18.82,fin_de_semana,3513.441772993772,409.233169451467
889,Residencial,16,10,26.17,habil,1307.441129523849,-190.5167980732344
890,Comercial,63,31,13.89,habil,3949.154352654902,1854.2856289129195
891,Residencial,63,6,24.99,habil,3501.888677493215,2946.0929052840283
892,Comercial,58,35,13.49,habil,4927.979083417817,3426.444458052877
893,Residencial,96,32,32.11,habil,4190.104813474041,3707.64536361803
894,Comercial,31,11,25.59,habil,3987.829931014762,2173.427319815031
895,Residencial,43,17,31.12,habil,2297.4133313263183,237.2606399362036
896,Residencial,92,8,13.46,fin_de_semana,5628.922626332238,2019.8796681321555
897,Residencial,7,37,13.91,habil,3592.576047977433,1954.2874460116425
898,Residencial,19,7,33.47,fin_de_semana,2238.5471093715987,2526.429405621978
899,Comercial,72,4,14.08,habil,3423.658240615581,2007.7870704938323
900,Residencial,20,33,13.16,habil,2595.8613700412484,-388.5803894571262
901,Residencial,49,9,20.74,fin_de_semana,3382.9110080985297,2753.849658124859
902,Comercial,54,28,17.07,fin_de_semana,5265.413730549763,4248.552735700514
903,Residencial,60,13,18.44,habil,4718.883748215622,5066.459069905322
904,Residencial,16,19,28.69,habil,2965.016188486496,1525.169891330414
905,Residencial,73,42,31.2,habil,4026.18460277208,387.5286463330444
906,Industrial,17,3,20.72,habil,3006.810984029568,941.2351758542144
907,Residencial,72,28,16.73,habil,3739.4505790449184,3322.3183230775417
908,Comercial,96,25,30.45,fin_de_semana,5061.387151939596,1904.23797568682
909,Comercial,21,33,28.63,fin_de_semana,5067.117538668464,4610.110833328693
910,Residencial,19,17,29.9,fin_de_semana,3797.0936342082296,2283.944323455857
911,Residencial,57,4,16.0,habil,3465.45787315946,754.7097473280812
912,Residencial,42,46,33.41,habil,4861.542885226537,2130.236824254623
913,Industrial,9,45,26.94,habil,3749.617189842005,40.646644019141846
914,Industrial,60,19,26.02,fin_de_semana,4929.328729694039,3448.053193335418
915,Residencial,74,48,29.06,fin_de_semana,3314.795009256345,3226.490132045701
916,Industrial,86,23,18.9,fin_de_semana,6660.251982962916,4772.442309742603
917,Residencial,10,35,29.67,habil,3593.259911869235,4575.516772741795
918,Residencial,50,46,29.34,fin_de_semana,3237.174580855619,972.9310947407592
919,Residencial,60,42,20.2,habil,4078.1905215898696,1414.628842098924
920,Comercial,66,37,28.67,fin_de_semana,3926.7466746769137,-527.8529463070545
921,Industrial,93,4,25.21,fin_de_semana,3781.946920995236,772.9296920799392
922,Residencial,90,49,17.05,habil,3765.7411088855088,3342.628312068236
923,Industrial,34,45,23.29,habil,3151.989756829529,915.9539949484216
924,Comercial,85,8,24.61,habil,3504.431605477478,2075.491729573804
925,Residencial,39,32,30.67,habil,2923.5281058334576,272.6695952866835
926,Residencial,24,2,24.28,fin_de_semana,2264.4721816038696,177.88386554629852
927,Comercial,48,14,12.46,fin_de_semana,3028.6832276637747,2879.440045381814
928,Comercial,1,18,24.76,habil,2397.152141463333,917.4978452850826
929,Residencial,21,8,13.77,fin_de_semana,3311.5542620110778,2472.143910063247
930,Industrial,63,37,32.14,habil,6173.037451138055,4682.598147080831
931,Industrial,85,9,14.35,habil,5914.780980390111,5181.0195243311655
932,Comercial,47,21,27.7,habil,4336.794750068703,3828.305891627967
933,Comercial,2,33,30.43,fin_de_semana,4023.1523670921215,2758.8241815453825
934,Industrial,74,29,11.39,habil,4603.191855200239,2699.9253020576584
935,Residencial,33,8,28.35,habil,4000.88917590262,5079.699335500214
936,Comercial,20,18,32.04,fin_de_semana,2690.451508802735,229.7707624749127
937,Industrial,55,48,25.1,fin_de_semana,5595.385035085622,5207.793088771323
938,Comercial,67,38,21.08,habil,4813.164564789375,2718.863197528748
939,Comercial,95,32,16.24,fin_de_semana,4369.081786899533,564.1388165687669
940,Industrial,32,5,17.67,habil,3100.3054776814506,943.9776901204972
941,Residencial,30,32,25.49,habil,5145.449627121887,3793.320320477399
942,Residencial,84,6,20.48,fin_de_semana,4643.270816230382,5279.083459682996
943,Comercial,8,24,30.91,fin_de_semana,3107.5963200612314,1049.3968028093732
944,Comercial,32,19,23.55,habil,3976.237743646788,1769.0605020170708
945,Industrial,47,45,25.14,fin_de_semana,5269.616704491471,3239.640342702327
946,Comercial,19,37,24.33,habil,3862.0084151569954,2735.4842621481457
947,Comercial,87,34,15.2,fin_de_semana,4417.981525607402,3569.413356705381
948,Residencial,74,30,30.45,fin_de_semana,3934.6817528603888,4079.93227190931
949,Comercial,36,8,12.75,fin_de_semana,4785.723432784088,3824.609445601589
950,Comercial,3,3,32.11,habil,4166.806379587351,2885.439542693436
951,Comercial,20,35,27.42,habil,2961.220112641772,1116.6429341540368
952,Industrial,36,45,25.43,habil,5428.901447896152,2022.6872441614687
953,Industrial,44,24,16.79,habil,3517.6849011715203,601.1234461009474
954,Comercial,94,38,16.96,fin_de_semana,5199.681399710496,3848.287278134511
955,Comercial,69,16,12.36,fin_de_semana,4250.273018022081,902.035711398539
956,Residencial,47,48,28.79,fin_de_semana,3686.6190644111657,2758.468682411708
957,Residencial,35,5,31.08,habil,2407.459924490627,2499.582910196774
958,Comercial,98,5,12.47,habil,4899.710846791521,3051.2681600556134
959,Industrial,21,35,31.59,fin_de_semana,3775.503074998384,2205.0046647654804
960,Industrial,70,24,31.32,fin_de_semana,3974.0819276051775,1582.9629845977834
961,Residencial,8,18,32.12,fin_de_semana,2202.0682365106286,698.6688847550992
962,Industrial,75,15,23.3,habil,5957.767377455919,3582.2095055666427
963,Comercial,45,23,29.86,habil,4151.167717279321,2522.721599034058
964,Residencial,94,17,11.66,habil,4548.230647439171,2837.4586981823472
965,Comercial,83,29,31.85,habil,4270.061868581494,1277.7199630021316
966,Comercial,21,35,27.24,habil,4392.314126186316,2194.108028841636
967,Comercial,21,40,27.75,fin_de_semana,3209.804343618864,203.67643110883503
968,Residencial,15,34,10.25,habil,3155.314485763776,2067.2807669583326
969,Residencial,30,18,10.51,habil,2750.113609518674,1002.5055504963656
970,Comercial,77,11,12.22,fin_de_semana,4939.354566215551,3811.110812037229
971,Residencial,62,38,30.82,habil,3957.364263700103,4972.392411544946
972,Comercial,94,14,28.28,habil,4936.50477276421,3946.659794031812
973,Industrial,95,10,33.51,fin_de_semana,3941.943776817525,1387.2649991679284
974,Residencial,23,44,25.48,habil,5613.195231991078,3172.3274004237537
975,Industrial,67,37,21.23,fin_de_semana,4195.657636921046,1446.7147304397952
976,Residencial,9,1,34.06,habil,3930.9708936105153,2933.734308837736
977,Comercial,85,4,22.85,habil,3416.9559828156493,1239.060616291634
978,Industrial,44,22,30.32,fin_de_semana,5001.608651160495,3588.628259065187
979,Comercial,38,24,23.33,habil,3637.273363963858,1073.934151474712
980,Comercial,21,9,21.56,fin_de_semana,3930.020961646893,1306.7199313601284
981,Comercial,18,9,15.93,habil,2895.416910236893,1788.460867103211
982,Industrial,80,41,20.69,habil,4721.701625646445,3159.502612780183
983,Residencial,65,46,20.94,fin_de_semana,3599.104447446361,-300.0854365393425
984,Residencial,60,46,24.71,habil,3272.2600698153187,-164.43690537225677
985,Industrial,82,30,21.74,habil,4868.704932675545,1721.0947837087283
986,Comercial,39,6,16.24,habil,2382.375919234188,451.7568367377325
987,Comercial,60,9,28.82,fin_de_semana,4490.382375476412,3204.593817701697
988,Industrial,46,12,20.46,fin_de_semana,4760.441911639739,2018.203448539595
989,Residencial,54,27,17.78,fin_de_semana,5125.653179280864,3724.5086755750112
990,Industrial,69,44,15.67,fin_de_semana,6663.968573308811,5359.144830934612
991,Industrial,86,28,16.18,habil,6522.702314707673,3441.653480098851
992,Comercial,49,26,30.56,fin_de_semana,3036.478157248065,513.998683045821
993,Residencial,52,11,29.55,habil,2622.148596542293,1643.4305705597883
994,Residencial,35,1,23.3,fin_de_semana,3273.72423852589,1834.747029319608
995,Residencial,68,44,23.95,habil,3318.2670247195,1499.8656395548974
996,Industrial,7,22,14.67,fin_de_semana,2558.830349667318,752.8236350486948
997,Comercial,88,20,32.18,habil,5167.923798265224,3932.952962944585
998,Residencial,67,37,16.48,fin_de_semana,2460.7670508441893,551.6953291954047
999,Comercial,57,11,31.4,habil,3482.8487055137552,1284.031040387535
